{"cameraMode":{"drawMode":0,"name":"Shaded","section":"Shading Mode"},"sceneLighting":false,"audioPlay":false,"sceneViewState":{"m_AlwaysRefresh":false,"showFog":true,"showSkybox":false,"showFlares":true,"showImageEffects":true,"showParticleSystems":true,"showVisualEffectGraphs":true,"m_FxEnabled":true},"in2DMode":false,"pivot":{"x":-0.0009769704192876816,"y":0.0032544233836233618,"z":0.0017354125156998635},"rotation":{"x":-0.1220170184969902,"y":-0.30074548721313479,"z":0.03882857784628868,"w":-0.9450705051422119},"size":0.015767129138112069,"orthographic":false}