{"cameraMode":{"drawMode":0,"name":"Shaded","section":"Shading Mode"},"sceneLighting":false,"audioPlay":false,"sceneViewState":{"m_AlwaysRefresh":false,"showFog":true,"showSkybox":false,"showFlares":true,"showImageEffects":true,"showParticleSystems":true,"showVisualEffectGraphs":true,"m_FxEnabled":true},"in2DMode":false,"pivot":{"x":-1143.3050537109375,"y":85.5999984741211,"z":114.43800354003906},"rotation":{"x":-0.0073962402530014519,"y":0.970525324344635,"z":-0.23904769122600556,"w":-0.02996942214667797},"size":0.1731892228126526,"orthographic":false}