{"cameraMode":{"drawMode":0,"name":"Shaded","section":"Shading Mode"},"sceneLighting":true,"audioPlay":false,"sceneViewState":{"m_AlwaysRefresh":false,"showFog":true,"showSkybox":true,"showFlares":true,"showImageEffects":true,"showParticleSystems":true,"showVisualEffectGraphs":true,"m_FxEnabled":true},"in2DMode":false,"pivot":{"x":0.13358360528945924,"y":-0.03423595428466797,"z":-0.20880359411239625},"rotation":{"x":0.6450768709182739,"y":0.019478343427181245,"z":-0.01645299606025219,"w":0.763692319393158},"size":1.6564035415649415,"orthographic":false}